MatchID,home_team,away_team,home_score,home_penalty,away_score,away_penalty,home_manager,home_captain,away_manager,away_captain,Attendance,Venue,Round,MatchDate,Referee,Notes,MatchHost,MatchYear
348,Spain,England,1,,0,,Jorge Vilda,Olga Carmona,Sarina Wiegman,Millie Bright,75784,"Accor Stadium, Sydney",Final,2023/08/20,Tori Penso,,"Australia, New Zealand",2023
347,Sweden,Australia,2,,0,,Peter Gerhardsson,Kosovare Asllani,Tony Gustavsson,Sam Kerr,49461,"Suncorp Stadium, Brisbane",Third-place match,2023/08/19,,,"Australia, New Zealand",2023
346,Australia,England,1,,3,,Tony Gustavsson,Sam Kerr,Sarina Wiegman,Millie Bright,75784,"Accor Stadium, Sydney",Semi-finals,2023/08/16,Tori Penso,,"Australia, New Zealand",2023
345,Spain,Sweden,2,,1,,Jorge Vilda,Olga Carmona,Peter Gerhardsson,Kosovare Asllani,43217,"Eden Park, Auckland",Semi-finals,2023/08/15,Edina Alves Batista,,"Australia, New Zealand",2023
344,Australia,France,0,7,0,6,Tony Gustavsson,Steph Catley,Herve Renard,Wendie Renard,49461,"Suncorp Stadium, Brisbane",Quarter-finals,2023/08/12,Maria Carvajal,Australia won on penalty kicks following extra time,"Australia, New Zealand",2023
343,England,Colombia,2,,1,,Sarina Wiegman,Millie Bright,Nelson Abadia,Catalina Usme,75784,"Accor Stadium, Sydney",Quarter-finals,2023/08/12,Katja Koroleva,,"Australia, New Zealand",2023
342,Spain,Netherlands,2,,1,,Jorge Vilda,Esther Gonzalez,Andries Jonker,Sherida Spitse,32021,"Sky Stadium, Wellington",Quarter-finals,1900/01/03,Stephanie Frappart,Required Extra Time,"Australia, New Zealand",2023
341,Japan,Sweden,1,,2,,Futoshi Ikeda,Saki Kumagai,Peter Gerhardsson,Kosovare Asllani,43217,"Eden Park, Auckland",Quarter-finals,2023/08/11,Esther Staubli,,"Australia, New Zealand",2023
340,Colombia,Jamaica,1,,0,,Nelson Abadia,Catalina Usme,Lorne Donaldson,Khadija Shaw,27706,"AAMI Park, Melbourne",Round of 16,2023/08/08,Kate Jacewicz,,"Australia, New Zealand",2023
339,France,Morocco,4,,0,,Herve Renard,Wendie Renard,Reynald Pedros,Ghizlane Chebbak,13557,"Coopers Stadium, Adelaide",Round of 16,2023/08/08,Tori Penso,,"Australia, New Zealand",2023
338,England,Nigeria,0,4,0,2,Sarina Wiegman,Millie Bright,Randy Waldrum,Chiamaka Nnadozie,49461,"Suncorp Stadium, Brisbane",Round of 16,2023/08/07,Melissa Borjas Pastrana,England won on penalty kicks following extra time,"Australia, New Zealand",2023
337,Australia,Denmark,2,,0,,Tony Gustavsson,Steph Catley,Lars Sondergaard,Pernille Harder,75784,"Accor Stadium, Sydney",Round of 16,2023/08/07,Rebecca Welch,,"Australia, New Zealand",2023
336,Netherlands,South Africa,2,,0,,Andries Jonker,Sherida Spitse,Desiree Ellis,Thembi Kgatlana,40233,"Allianz Stadium, Sydney",Round of 16,2023/08/06,Yoshimi Yamashita,,"Australia, New Zealand",2023
335,Sweden,United States,0,5,0,4,Peter Gerhardsson,Kosovare Asllani,Vlatko Andonovski,Lindsey Horan,27706,"AAMI Park, Melbourne",Round of 16,2023/08/06,Stephanie Frappart,Sweden won on penalty kicks following extra time,"Australia, New Zealand",2023
334,Switzerland,Spain,1,,5,,Inka Grings,Lia Walti,Jorge Vilda,Esther Gonzalez,43217,"Eden Park, Auckland",Round of 16,2023/08/05,Cheryl Foster,,"Australia, New Zealand",2023
333,Japan,Norway,3,,1,,Futoshi Ikeda,Saki Kumagai,Hege Riise,Maren Mjelde,33042,"Sky Stadium, Wellington",Round of 16,2023/08/05,Edina Alves Batista,,"Australia, New Zealand",2023
332,Morocco,Colombia,1,,0,,Reynald Pedros,Ghizlane Chebbak,Nelson Abadia,Daniela Montoya,17342,"HBF Park, Perth",Group stage,2023/08/03,Maria Sole Ferrieri Caputi,,"Australia, New Zealand",2023
331,Korea Republic,Germany,1,,1,,Colin Bell,Kim Hye-ri,Martina Voss-Tecklenburg,Alexandra Popp,38945,"Suncorp Stadium, Brisbane",Group stage,2023/08/03,Anna-Marie Keighley,,"Australia, New Zealand",2023
330,South Africa,Italy,3,,2,,Desiree Ellis,Thembi Kgatlana,Milena Bertolini,Barbara Bonansea,14967,"Sky Stadium, Wellington",Group stage,2023/08/02,Maria Carvajal,,"Australia, New Zealand",2023
329,Argentina,Sweden,0,,2,,German Portanova,Vanina Correa,Peter Gerhardsson,Caroline Seger,17907,"FMG Stadium Waikato, Hamilton",Group stage,2023/08/02,Salima Mukansanga,,"Australia, New Zealand",2023
328,Jamaica,Brazil,0,,0,,Lorne Donaldson,Khadija Shaw,Pia Sundhage,Marta,27638,"AAMI Park, Melbourne",Group stage,2023/08/02,Esther Staubli,,"Australia, New Zealand",2023
327,Panama,France,3,,6,,Nacho Quintana,Marta Cox,Herve Renard,Grace Geyoro,40498,"Allianz Stadium, Sydney",Group stage,2023/08/02,Laura Fortunato,,"Australia, New Zealand",2023
326,Vietnam,Netherlands,0,,7,,Mai Duc Chung,Pham Hai Yen,Andries Jonker,Sherida Spitse,8215,"Forsyth Barr Stadium, Dunedin",Group stage,2023/08/01,Ivana Martincic,,"Australia, New Zealand",2023
325,Portugal,United States,0,,0,,Francisco Neto,Dolores Silva,Vlatko Andonovski,Lindsey Horan,40958,"Eden Park, Auckland",Group stage,2023/08/01,Rebecca Welch,,"Australia, New Zealand",2023
324,Haiti,Denmark,0,,2,,Nicolas Delepine,Nerilia Mondesir,Lars Sondergaard,Pernille Harder,17897,"HBF Park, Perth",Group stage,2023/08/01,Oh Hyeonjeong,,"Australia, New Zealand",2023
323,China PR,England,1,,6,,Shui Qingxia,Wang Shanshan,Sarina Wiegman,Millie Bright,13497,"Coopers Stadium, Adelaide",Group stage,2023/08/01,Casey Reibelt,,"Australia, New Zealand",2023
322,Japan,Spain,4,,0,,Futoshi Ikeda,Saki Kumagai,Jorge Vilda,Olga Carmona,20957,"Sky Stadium, Wellington",Group stage,2023/07/31,Katja Koroleva,,"Australia, New Zealand",2023
321,Costa Rica,Zambia,1,,3,,Amelia Valverde,Katherine Alvarado,Bruce Mwape,Barbra Banda,8117,"FMG Stadium Waikato, Hamilton",Group stage,2023/07/31,Bouchra Karboubi,,"Australia, New Zealand",2023
320,Republic of Ireland,Nigeria,0,,0,,Vera Pauw,Katie McCabe,Randy Waldrum,Chiamaka Nnadozie,24884,"Suncorp Stadium, Brisbane",Group stage,2023/07/31,Katia Garcia,,"Australia, New Zealand",2023
319,Canada,Australia,0,,4,,Bev Priestman,Christine Sinclair,Tony Gustavsson,Steph Catley,27706,"AAMI Park, Melbourne",Group stage,2023/07/31,Stephanie Frappart,,"Australia, New Zealand",2023
318,Korea Republic,Morocco,0,,1,,Colin Bell,Kim Hye-ri,Reynald Pedros,Ghizlane Chebbak,12886,"Coopers Stadium, Adelaide",Group stage,2023/07/30,Edina Alves Batista,,"Australia, New Zealand",2023
317,Switzerland,New Zealand,0,,0,,Inka Grings,Lia Walti,Jitka Klimkova,Ali Riley,25947,"Forsyth Barr Stadium, Dunedin",Group stage,2023/07/30,Tori Penso,,"Australia, New Zealand",2023
316,Norway,Philippines,6,,0,,Hege Riise,Maren Mjelde,Alen Stajcic,Hali Long,34697,"Eden Park, Auckland",Group stage,2023/07/30,Marie-Soleil Beaudoin,,"Australia, New Zealand",2023
315,Germany,Colombia,1,,2,,Martina Voss-Tecklenburg,Alexandra Popp,Nelson Abadia,Daniela Montoya,40499,"Allianz Stadium, Sydney",Group stage,2023/07/30,Melissa Borjas Pastrana,,"Australia, New Zealand",2023
314,Sweden,Italy,5,,0,,Peter Gerhardsson,Kosovare Asllani,Milena Bertolini,Barbara Bonansea,29143,"Sky Stadium, Wellington",Group stage,2023/07/29,Cheryl Foster,,"Australia, New Zealand",2023
313,France,Brazil,2,,1,,Herve Renard,Wendie Renard,Pia Sundhage,Rafaelle,49378,"Suncorp Stadium, Brisbane",Group stage,2023/07/29,Kate Jacewicz,,"Australia, New Zealand",2023
312,Panama,Jamaica,0,,1,,Nacho Quintana,Marta Cox,Lorne Donaldson,Allyson Swaby,15987,"HBF Park, Perth",Group stage,2023/07/29,Kateryna Monzul,,"Australia, New Zealand",2023
311,Argentina,South Africa,2,,2,,German Portanova,Vanina Correa,Desiree Ellis,Refiloe Jane,8834,"Forsyth Barr Stadium, Dunedin",Group stage,2023/07/28,Anna-Marie Keighley,,"Australia, New Zealand",2023
310,England,Denmark,1,,0,,Sarina Wiegman,Millie Bright,Lars Sondergaard,Pernille Harder,40439,"Allianz Stadium, Sydney",Group stage,2023/07/28,Tess Olofsson,,"Australia, New Zealand",2023
309,China PR,Haiti,1,,0,,Shui Qingxia,Wang Shanshan,Nicolas Delepine,Nerilia Mondesir,12675,"Coopers Stadium, Adelaide",Group stage,2023/07/28,Marta Huerta,,"Australia, New Zealand",2023
308,United States,Netherlands,1,,1,,Vlatko Andonovski,Lindsey Horan,Andries Jonker,Sherida Spitse,27312,"Sky Stadium, Wellington",Group stage,2023/07/27,Yoshimi Yamashita,,"Australia, New Zealand",2023
307,Portugal,Vietnam,2,,0,,Francisco Neto,Ana Borges,Mai Duc Chung,Huynh Nhu,6645,"FMG Stadium Waikato, Hamilton",Group stage,2023/07/27,Salima Mukansanga,,"Australia, New Zealand",2023
306,Australia,Nigeria,2,,3,,Tony Gustavsson,Steph Catley,Randy Waldrum,Chiamaka Nnadozie,49156,"Suncorp Stadium, Brisbane",Group stage,2023/07/27,Esther Staubli,,"Australia, New Zealand",2023
305,Japan,Costa Rica,2,,0,,Futoshi Ikeda,Saki Kumagai,Amelia Valverde,Katherine Alvarado,6992,"Forsyth Barr Stadium, Dunedin",Group stage,2023/07/26,Maria Sole Ferrieri Caputi,,"Australia, New Zealand",2023
304,Spain,Zambia,5,,0,,Jorge Vilda,Ivana Andres,Bruce Mwape,Barbra Banda,20983,"Eden Park, Auckland",Group stage,2023/07/26,Oh Hyeonjeong,,"Australia, New Zealand",2023
303,Canada,Republic of Ireland,2,,1,,Bev Priestman,Jessie Fleming,Vera Pauw,Katie McCabe,17065,"HBF Park, Perth",Group stage,2023/07/26,Laura Fortunato,,"Australia, New Zealand",2023
302,Colombia,Korea Republic,2,,0,,Nelson Abadia,Daniela Montoya,Colin Bell,Kim Hye-ri,24323,"Allianz Stadium, Sydney",Group stage,2023/07/25,Rebecca Welch,,"Australia, New Zealand",2023
301,New Zealand,Philippines,0,,1,,Jitka Klimkova,Ria Percival,Alen Stajcic,Hali Long,32357,"Sky Stadium, Wellington",Group stage,2023/07/25,Katia Garcia,,"Australia, New Zealand",2023
300,Switzerland,Norway,0,,0,,Inka Grings,Lia Walti,Hege Riise,Maren Mjelde,10769,"FMG Stadium Waikato, Hamilton",Group stage,2023/07/25,Stephanie Frappart,,"Australia, New Zealand",2023
299,Italy,Argentina,1,,0,,Milena Bertolini,Barbara Bonansea,German Portanova,Vanina Correa,30889,"Eden Park, Auckland",Group stage,2023/07/24,Melissa Borjas Pastrana,,"Australia, New Zealand",2023
298,Germany,Morocco,6,,0,,Martina Voss-Tecklenburg,Alexandra Popp,Reynald Pedros,Ghizlane Chebbak,27256,"AAMI Park, Melbourne",Group stage,2023/07/24,Tori Penso,,"Australia, New Zealand",2023
297,Brazil,Panama,4,,0,,Pia Sundhage,Rafaelle,Nacho Quintana,Natalia Mills,13142,"Coopers Stadium, Adelaide",Group stage,2023/07/24,Cheryl Foster,,"Australia, New Zealand",2023
296,Sweden,South Africa,2,,1,,Peter Gerhardsson,Kosovare Asllani,Desiree Ellis,Refiloe Jane,18317,"Sky Stadium, Wellington",Group stage,2023/07/23,Katja Koroleva,,"Australia, New Zealand",2023
295,Netherlands,Portugal,1,,0,,Andries Jonker,Sherida Spitse,Francisco Neto,Dolores Silva,11991,"Forsyth Barr Stadium, Dunedin",Group stage,2023/07/23,Kateryna Monzul,,"Australia, New Zealand",2023
294,France,Jamaica,0,,0,,Herve Renard,Wendie Renard,Lorne Donaldson,Khadija Shaw,39045,"Allianz Stadium, Sydney",Group stage,2023/07/23,Maria Carvajal,,"Australia, New Zealand",2023
293,United States,Vietnam,3,,0,,Vlatko Andonovski,Lindsey Horan,Mai Duc Chung,Huynh Nhu,41107,"Eden Park, Auckland",Group stage,2023/07/22,Bouchra Karboubi,,"Australia, New Zealand",2023
292,Zambia,Japan,0,,5,,Bruce Mwape,Barbra Banda,Futoshi Ikeda,Saki Kumagai,16111,"FMG Stadium Waikato, Hamilton",Group stage,2023/07/22,Tess Olofsson,,"Australia, New Zealand",2023
291,England,Haiti,1,,0,,Sarina Wiegman,Millie Bright,Nicolas Delepine,Nerilia Mondesir,44369,"Suncorp Stadium, Brisbane",Group stage,2023/07/22,Emikar Calderas,,"Australia, New Zealand",2023
290,Denmark,China PR,1,,0,,Lars Sondergaard,Pernille Harder,Shui Qingxia,Wang Shanshan,16989,"HBF Park, Perth",Group stage,2023/07/22,Marie-Soleil Beaudoin,,"Australia, New Zealand",2023
289,Nigeria,Canada,0,,0,,Randy Waldrum,Chiamaka Nnadozie,Bev Priestman,Christine Sinclair,21410,"AAMI Park, Melbourne",Group stage,2023/07/21,Lina Lehtovaara,,"Australia, New Zealand",2023
288,Philippines,Switzerland,0,,2,,Alen Stajcic,Hali Long,Inka Grings,Lia Walti,13711,"Forsyth Barr Stadium, Dunedin",Group stage,2023/07/21,Vincentia Amedome,,"Australia, New Zealand",2023
287,Spain,Costa Rica,3,,0,,Jorge Vilda,Ivana Andres,Amelia Valverde,Katherine Alvarado,22966,"Sky Stadium, Wellington",Group stage,2023/07/21,Casey Reibelt,,"Australia, New Zealand",2023
286,New Zealand,Norway,1,,0,,Jitka Klimkova,Ali Riley,Hege Riise,Maren Mjelde,42137,"Eden Park, Auckland",Group stage,2023/07/20,Yoshimi Yamashita,,"Australia, New Zealand",2023
285,Australia,Republic of Ireland,1,,0,,Tony Gustavsson,Steph Catley,Vera Pauw,Katie McCabe,75784,"Accor Stadium, Sydney",Group stage,2023/07/20,Edina Alves Batista,,"Australia, New Zealand",2023
284,United States,Netherlands,2,,0,,Jill Ellis,Megan Rapinoe,Sarina Wiegman,Sari van Veenendaal,57900,"Groupama Stadium, Decines-Charpieu",Final,2019/07/07,Stephanie Frappart,,France,2019
283,England,Sweden,1,,2,,Phil Neville,Steph Houghton,Peter Gerhardsson,Caroline Seger,20316,"Stade de Nice, Nice",Third-place match,2019/07/06,Anastasia Pustovoitova,,France,2019
282,Netherlands,Sweden,1,,0,,Sarina Wiegman,Sari van Veenendaal,Peter Gerhardsson,Caroline Seger,48452,"Groupama Stadium, Decines-Charpieu",Semi-finals,2019/07/03,Marie-Soleil Beaudoin,Required Extra Time,France,2019
281,England,United States,1,,2,,Phil Neville,Steph Houghton,Jill Ellis,Alex Morgan,53512,"Groupama Stadium, Decines-Charpieu",Semi-finals,2019/07/02,,,France,2019
280,Italy,Netherlands,0,,2,,Milena Bertolini,Sara Gama,Sarina Wiegman,Sari van Veenendaal,22600,"Stade du Hainaut, Valenciennes",Quarter-finals,2019/06/29,Claudia Umpierrez,,France,2019
279,Germany,Sweden,1,,2,,Martina Voss-Tecklenburg,Alexandra Popp,Peter Gerhardsson,Caroline Seger,25301,"Roazhon Park, Rennes",Quarter-finals,2019/06/29,Stephanie Frappart,,France,2019
278,France,United States,1,,2,,Corinne Diacre,Amandine Henry,Jill Ellis,Alex Morgan,45595,"Parc des Princes, Paris",Quarter-finals,2019/06/28,Kateryna Monzul,,France,2019
277,Norway,England,0,,3,,Martin Sjogren,Maren Mjelde,Phil Neville,Steph Houghton,21111,"Stade Oceane, Le Havre",Quarter-finals,2019/06/27,Lucila Venegas,,France,2019
276,Italy,China PR,2,,0,,Milena Bertolini,Sara Gama,Jia Xiuquan,Wu Haiyan,17492,"Stade de la Mosson, Montpellier",Round of 16,2019/06/25,Edina Alves Batista,,France,2019
275,Netherlands,Japan,2,,1,,Sarina Wiegman,Sari van Veenendaal,Asako Takemoto,Saki Kumagai,21076,"Roazhon Park, Rennes",Round of 16,2019/06/25,Melissa Borjas,,France,2019
274,Spain,United States,1,,2,,Jorge Vilda,Irene Paredes,Jill Ellis,Megan Rapinoe,19633,"Stade Auguste-Delaune II, Reims",Round of 16,2019/06/24,Katalin Kulcsar,,France,2019
273,Sweden,Canada,1,,0,,Peter Gerhardsson,Caroline Seger,Kenneth Heiner-Moller,Christine Sinclair,38078,"Parc des Princes, Paris",Round of 16,2019/06/24,Kate Jacewicz,,France,2019
272,England,Cameroon,3,,0,,Phil Neville,Steph Houghton,Alain Djeumfa,Gabrielle Onguene,20148,"Stade du Hainaut, Valenciennes",Round of 16,2019/06/23,Qin Liang,,France,2019
271,France,Brazil,2,,1,,Corinne Diacre,Amandine Henry,Vadao,Marta,0,"Stade Oceane, Le Havre",Round of 16,2019/06/23,Marie-Soleil Beaudoin,Required Extra Time,France,2019
270,Germany,Nigeria,3,,0,,Martina Voss-Tecklenburg,Alexandra Popp,Thomas Dennerby,Desire Oparanozie,17988,"Stade des Alpes, Grenoble",Round of 16,2019/06/22,Yoshimi Yamashita,,France,2019
269,Norway,Australia,1,4,1,1,Martin Sjogren,Maren Mjelde,Ante Milicic,Sam Kerr,0,"Stade de Nice, Nice",Round of 16,2019/06/22,Riem Hussein,Norway won on penalty kicks following extra time,France,2019
268,Netherlands,Canada,2,,1,,Sarina Wiegman,Sari van Veenendaal,Kenneth Heiner-Moller,Christine Sinclair,19277,"Stade Auguste-Delaune II, Reims",Group stage,2019/06/20,Stephanie Frappart,,France,2019
267,Cameroon,New Zealand,2,,1,,Alain Djeumfa,Gabrielle Onguene,Tom Sermanni,Ali Riley,8009,"Stade de la Mosson, Montpellier",Group stage,2019/06/20,Kateryna Monzul,,France,2019
266,Sweden,United States,0,,2,,Peter Gerhardsson,Caroline Seger,Jill Ellis,Alex Morgan,22418,"Stade Oceane, Le Havre",Group stage,2019/06/20,Anastasia Pustovoitova,,France,2019
265,Thailand,Chile,0,,2,,Noengruthai Sratongwian,Kanjana Sungngoen,Juan Letelier,Christiane Endler,13567,"Roazhon Park, Rennes",Group stage,2019/06/20,Anna-Marie Keighley,,France,2019
264,Japan,England,0,,2,,Asako Takemoto,Saki Kumagai,Phil Neville,Steph Houghton,14319,"Stade de Nice, Nice",Group stage,2019/06/19,Claudia Umpierrez,,France,2019
263,Scotland,Argentina,3,,3,,Shelley Kerr,Rachel Corsie,Carlos Borrello,Estefania Banini,28205,"Parc des Princes, Paris",Group stage,2019/06/19,Ri Hyang Ok,,France,2019
262,Italy,Brazil,0,,1,,Milena Bertolini,Sara Gama,Vadao,Marta,21669,"Stade du Hainaut, Valenciennes",Group stage,2019/06/18,Lucila Venegas,,France,2019
261,Jamaica,Australia,1,,4,,Hue Menzies,Konya Plummer,Ante Milicic,Sam Kerr,17402,"Stade des Alpes, Grenoble",Group stage,2019/06/18,Katalin Kulcsar,,France,2019
260,South Africa,Germany,0,,4,,Desiree Ellis,Janine van Wyk,Martina Voss-Tecklenburg,Alexandra Popp,15502,"Stade de la Mosson, Montpellier",Group stage,2019/06/17,Sandra Braz,,France,2019
259,China PR,Spain,0,,0,,Jia Xiuquan,Wu Haiyan,Jorge Vilda,Irene Paredes,11814,"Stade Oceane, Le Havre",Group stage,2019/06/17,Edina Alves Batista,,France,2019
258,Korea Republic,Norway,1,,2,,Yoon Deok-yeo,Cho So-hyun,Martin Sjogren,Maren Mjelde,13034,"Stade Auguste-Delaune II, Reims",Group stage,2019/06/17,Marie-Soleil Beaudoin,,France,2019
257,Nigeria,France,0,,1,,Thomas Dennerby,Desire Oparanozie,Corinne Diacre,Amandine Henry,28267,"Roazhon Park, Rennes",Group stage,2019/06/17,Melissa Borjas,,France,2019
256,Sweden,Thailand,5,,1,,Peter Gerhardsson,Caroline Seger,Noengruthai Sratongwian,Kanjana Sungngoen,9354,"Stade de Nice, Nice",Group stage,2019/06/16,Salma Mukansanga,,France,2019
255,United States,Chile,3,,0,,Jill Ellis,Carli Lloyd,Juan Letelier,Christiane Endler,45594,"Parc des Princes, Paris",Group stage,2019/06/16,Riem Hussein,,France,2019
254,Netherlands,Cameroon,3,,1,,Sarina Wiegman,Sari van Veenendaal,Alain Djeumfa,Christine Manie,22423,"Stade du Hainaut, Valenciennes",Group stage,2019/06/15,Casey Reibelt,,France,2019
253,Canada,New Zealand,2,,0,,Kenneth Heiner-Moller,Christine Sinclair,Tom Sermanni,Ali Riley,14856,"Stade des Alpes, Grenoble",Group stage,2019/06/15,Yoshimi Yamashita,,France,2019
252,Japan,Scotland,2,,1,,Asako Takemoto,Saki Kumagai,Shelley Kerr,Rachel Corsie,13201,"Roazhon Park, Rennes",Group stage,2019/06/14,Lidya Tafesse,,France,2019
251,Jamaica,Italy,0,,5,,Hue Menzies,Konya Plummer,Milena Bertolini,Sara Gama,12016,"Stade Auguste-Delaune II, Reims",Group stage,2019/06/14,,,France,2019
250,England,Argentina,1,,0,,Phil Neville,Steph Houghton,Carlos Borrello,Estefania Banini,20294,"Stade Oceane, Le Havre",Group stage,2019/06/14,Qin Liang,,France,2019
249,Australia,Brazil,3,,2,,Ante Milicic,Sam Kerr,Vadao,Marta,17032,"Stade de la Mosson, Montpellier",Group stage,2019/06/13,Esther Staubli,,France,2019
248,South Africa,China PR,0,,1,,Desiree Ellis,Janine van Wyk,Jia Xiuquan,Wu Haiyan,20011,"Parc des Princes, Paris",Group stage,2019/06/13,Katalin Kulcsar,,France,2019
247,Nigeria,Korea Republic,2,,0,,Thomas Dennerby,Desire Oparanozie,Yoon Deok-yeo,Cho So-hyun,11252,"Stade des Alpes, Grenoble",Group stage,2019/06/12,Anastasia Pustovoitova,,France,2019
246,Germany,Spain,1,,0,,Martina Voss-Tecklenburg,Alexandra Popp,Jorge Vilda,Marta Torrejon,20761,"Stade du Hainaut, Valenciennes",Group stage,2019/06/12,Kateryna Monzul,,France,2019
245,France,Norway,2,,1,,Corinne Diacre,Amandine Henry,Martin Sjogren,Maren Mjelde,34872,"Stade de Nice, Nice",Group stage,2019/06/12,Bibiana Steinhaus,,France,2019
244,New Zealand,Netherlands,0,,1,,Tom Sermanni,Ali Riley,Sarina Wiegman,Sari van Veenendaal,10654,"Stade Oceane, Le Havre",Group stage,2019/06/11,Edina Alves Batista,,France,2019
243,Chile,Sweden,0,,2,,Juan Letelier,Christiane Endler,Peter Gerhardsson,Caroline Seger,15875,"Roazhon Park, Rennes",Group stage,2019/06/11,Lucila Venegas,,France,2019
242,United States,Thailand,13,,0,,Jill Ellis,Megan Rapinoe,Noengruthai Sratongwian,Kanjana Sungngoen,18591,"Stade Auguste-Delaune II, Reims",Group stage,2019/06/11,Jeanne Niang,,France,2019
241,Argentina,Japan,0,,0,,Carlos Borrello,Estefania Banini,Asako Takemoto,Saki Kumagai,25055,"Parc des Princes, Paris",Group stage,2019/06/10,Stephanie Frappart,,France,2019
240,Canada,Cameroon,1,,0,,Kenneth Heiner-Moller,Christine Sinclair,Alain Djeumfa,Christine Manie,10710,"Stade de la Mosson, Montpellier",Group stage,2019/06/10,Ri Hyang Ok,,France,2019
239,Australia,Italy,1,,2,,Ante Milicic,Sam Kerr,Milena Bertolini,Sara Gama,15380,"Stade du Hainaut, Valenciennes",Group stage,2019/06/09,Melissa Borjas,,France,2019
238,Brazil,Jamaica,3,,0,,Vadao,Monica,Hue Menzies,Konya Plummer,17668,"Stade des Alpes, Grenoble",Group stage,2019/06/09,Riem Hussein,,France,2019
237,England,Scotland,2,,1,,Phil Neville,Steph Houghton,Shelley Kerr,Rachel Corsie,13188,"Stade de Nice, Nice",Group stage,2019/06/09,Jana Adamkova,,France,2019
236,Germany,China PR,1,,0,,Martina Voss-Tecklenburg,Alexandra Popp,Jia Xiuquan,Wu Haiyan,15283,"Roazhon Park, Rennes",Group stage,2019/06/08,Marie-Soleil Beaudoin,,France,2019
235,Spain,South Africa,3,,1,,Jorge Vilda,Marta Torrejon,Desiree Ellis,Janine van Wyk,12044,"Stade Oceane, Le Havre",Group stage,2019/06/08,Maria Carvajal,,France,2019
234,Norway,Nigeria,3,,0,,Martin Sjogren,Maren Mjelde,Thomas Dennerby,Desire Oparanozie,11058,"Stade Auguste-Delaune II, Reims",Group stage,2019/06/08,Kate Jacewicz,,France,2019
233,France,Korea Republic,4,,0,,Corinne Diacre,Amandine Henry,Yoon Deok-yeo,Cho So-hyun,45261,"Parc des Princes, Paris",Group stage,2019/06/07,Claudia Umpierrez,,France,2019
232,United States,Japan,5,,2,,Jill Ellis,Carli Lloyd,Norio Sasaki,Aya Miyama,53341,"BC Place, Vancouver",Final,2015/07/05,Kateryna Monzul,,Canada,2015
231,Germany,England,0,,1,,Silva Neid,Nadine Angerer,Mark Sampson,Steph Houghton,21483,"Olympic Stadium, Montreal",Third-place match,2015/07/04,Ri Hyang Ok,Required Extra Time,Canada,2015
230,Japan,England,2,,1,,Norio Sasaki,Aya Miyama,Mark Sampson,Steph Houghton,31467,"Commonwealth Stadium, Edmonton",Semi-finals,2015/07/01,Anna-Marie Keighley,,Canada,2015
229,United States,Germany,2,,0,,Jill Ellis,Carli Lloyd,Silva Neid,Nadine Angerer,51176,"Olympic Stadium, Montreal",Semi-finals,2015/06/30,Teodora Albon,,Canada,2015
228,Australia,Japan,0,,1,,Alen Stajcic,Lisa De Vanna,Norio Sasaki,Aya Miyama,19814,"Commonwealth Stadium, Edmonton",Quarter-finals,2015/06/27,Kateryna Monzul,,Canada,2015
227,England,Canada,2,,1,,Mark Sampson,Steph Houghton,John Herdman,Christine Sinclair,54027,"BC Place, Vancouver",Quarter-finals,2015/06/27,Claudia Umpierrez,,Canada,2015
226,Germany,France,1,5,1,4,Silva Neid,Nadine Angerer,Philippe Bergeroo,Wendie Renard,24859,"Olympic Stadium, Montreal",Quarter-finals,2015/06/26,Carol-Anne Chenard,Germany won on penalty kicks following extra time,Canada,2015
225,China PR,United States,0,,1,,Hao Wei,Wu Haiyan,Jill Ellis,Carli Lloyd,24141,"TD Place Stadium, Ottawa",Quarter-finals,2015/06/26,Carina Vitulano,,Canada,2015
224,Japan,Netherlands,2,,1,,Norio Sasaki,Aya Miyama,Roger Reijners,Mandy van den Berg,28717,"BC Place, Vancouver",Round of 16,2015/06/23,Lucila Venegas,,Canada,2015
223,Norway,England,1,,2,,Even Pellerud,Trine Ronning,Mark Sampson,Steph Houghton,19829,"TD Place Stadium, Ottawa",Round of 16,2015/06/22,Esther Staubli,,Canada,2015
222,United States,Colombia,2,,0,,Jill Ellis,Abby Wambach,Fabian Taborda,Natalia Gaitan,19412,"Commonwealth Stadium, Edmonton",Round of 16,2015/06/22,Stephanie Frappart,,Canada,2015
221,Brazil,Australia,0,,1,,Vadao,Marta,Alen Stajcic,Lisa De Vanna,12054,"Moncton Stadium, Moncton",Round of 16,2015/06/21,Teodora Albon,,Canada,2015
220,Canada,Switzerland,1,,0,,John Herdman,Christine Sinclair,Martina Voss-Tecklenburg,Caroline Abbe,53855,"BC Place, Vancouver",Round of 16,2015/06/21,Anna-Marie Keighley,,Canada,2015
219,France,Korea Republic,3,,0,,Philippe Bergeroo,Wendie Renard,Yoon Deok-yeo,Cho So-hyun,15518,"Olympic Stadium, Montreal",Round of 16,2015/06/21,Salome Di Iorio,,Canada,2015
218,Germany,Sweden,4,,1,,Silva Neid,Nadine Angerer,Pia Sundhage,Caroline Seger,22486,"TD Place Stadium, Ottawa",Round of 16,2015/06/20,Ri Hyang Ok,,Canada,2015
217,China PR,Cameroon,1,,0,,Chang Weiwei,Wu Haiyan,Enow Ngachu,Christine Manie,15958,"Commonwealth Stadium, Edmonton",Round of 16,2015/06/20,Bibiana Steinhaus,,Canada,2015
216,Costa Rica,Brazil,0,,1,,Amelia Valverde,Shirley Cruz,Vadao,Maurine Dorneles Goncalves,9543,"Moncton Stadium, Moncton",Group stage,2015/06/18,Thalia Mitsi,,Canada,2015
215,England,Colombia,2,,1,,Mark Sampson,Steph Houghton,Fabian Taborda,Natalia Gaitan,13862,"Olympic Stadium, Montreal",Group stage,2015/06/17,Carol-Anne Chenard,,Canada,2015
214,Mexico,France,0,,5,,Leonardo Cuellar,Nayeli Rangel,Philippe Bergeroo,Wendie Renard,21562,"TD Place Stadium, Ottawa",Group stage,2015/06/17,Sachiko Yamagishi,,Canada,2015
213,Korea Republic,Spain,2,,1,,Yoon Deok-yeo,Cho So-hyun,Ignacio Quereda,Veronica Boquete,21562,"TD Place Stadium, Ottawa",Group stage,2015/06/17,Anna-Marie Keighley,,Canada,2015
212,Switzerland,Cameroon,1,,2,,Martina Voss-Tecklenburg,Martina Moser,Enow Ngachu,Christine Manie,10177,"Commonwealth Stadium, Edmonton",Group stage,2015/06/16,Claudia Umpierrez,,Canada,2015
211,Ecuador,Japan,0,,1,,Vanessa Arauz,Ligia Moreira,Norio Sasaki,Aya Miyama,14522,"Investors Group Field, Winnipeg",Group stage,2015/06/16,Melissa Borjas,,Canada,2015
210,Nigeria,United States,0,,1,,Edwin Okon,Evelyn Nwabuoku,Jill Ellis,Abby Wambach,52193,"BC Place, Vancouver",Group stage,2015/06/16,Kateryna Monzul,,Canada,2015
209,Australia,Sweden,1,,1,,Alen Stajcic,Lisa De Vanna,Pia Sundhage,Lotta Schelin,10177,"Commonwealth Stadium, Edmonton",Group stage,2015/06/16,Lucila Venegas,,Canada,2015
208,Thailand,Germany,0,,4,,Noengruthai Sratongwian,Duangnapa Sritala,Silva Neid,Nadine Angerer,26191,"Investors Group Field, Winnipeg",Group stage,2015/06/15,Gladys Lengwe,,Canada,2015
207,Cote d'Ivoire,Norway,1,,3,,Clementine Toure,Fatou Coulibaly,Even Pellerud,Ingrid Hjelmseth,7147,"Moncton Stadium, Moncton",Group stage,2015/06/15,Salome Di Iorio,,Canada,2015
206,China PR,New Zealand,2,,2,,Hao Wei,Wu Haiyan,Tony Readings,Abby Erceg,26191,"Investors Group Field, Winnipeg",Group stage,2015/06/15,Katalin Kulcsar,,Canada,2015
205,Netherlands,Canada,1,,1,,Roger Reijners,Mandy van den Berg,John Herdman,Christine Sinclair,45420,"Olympic Stadium, Montreal",Group stage,2015/06/15,Ri Hyang Ok,,Canada,2015
204,France,Colombia,0,,2,,Philippe Bergeroo,Wendie Renard,Fabian Taborda,Natalia Gaitan,13138,"Moncton Stadium, Moncton",Group stage,2015/06/13,Qin Liang,,Canada,2015
203,Brazil,Spain,1,,0,,Vadao,Marta,Ignacio Quereda,Veronica Boquete,28623,"Olympic Stadium, Montreal",Group stage,2015/06/13,Carol-Anne Chenard,,Canada,2015
202,England,Mexico,2,,1,,Mark Sampson,Steph Houghton,Leonardo Cuellar,Nayeli Rangel,13138,"Moncton Stadium, Moncton",Group stage,2015/06/13,Anna-Marie Keighley,,Canada,2015
201,Korea Republic,Costa Rica,2,,2,,Yoon Deok-yeo,Cho So-hyun,Amelia Valverde,Shirley Cruz,28623,"Olympic Stadium, Montreal",Group stage,2015/06/13,Carina Vitulano,,Canada,2015
200,Australia,Nigeria,2,,0,,Alen Stajcic,Lisa De Vanna,Edwin Okon,Evelyn Nwabuoku,32716,"Investors Group Field, Winnipeg",Group stage,2015/06/12,Stephanie Frappart,,Canada,2015
199,Switzerland,Ecuador,10,,1,,Martina Voss-Tecklenburg,Caroline Abbe,Vanessa Arauz,Nancy Aguilar,31441,"BC Place, Vancouver",Group stage,2015/06/12,Rita Gani,,Canada,2015
198,Japan,Cameroon,2,,1,,Norio Sasaki,Aya Miyama,Enow Ngachu,Christine Manie,31441,"BC Place, Vancouver",Group stage,2015/06/12,Pernilla Larsson,,Canada,2015
197,United States,Sweden,0,,0,,Jill Ellis,Carli Lloyd,Pia Sundhage,Lotta Schelin,32716,"Investors Group Field, Winnipeg",Group stage,2015/06/12,Sachiko Yamagishi,,Canada,2015
196,China PR,Netherlands,1,,0,,Hao Wei,Wu Haiyan,Roger Reijners,Mandy van den Berg,35544,"Commonwealth Stadium, Edmonton",Group stage,2015/06/11,Yeimy Martinez,,Canada,2015
195,Germany,Norway,1,,1,,Silva Neid,Nadine Angerer,Even Pellerud,Ingrid Hjelmseth,18967,"TD Place Stadium, Ottawa",Group stage,2015/06/11,Teodora Albon,,Canada,2015
194,Cote d'Ivoire,Thailand,2,,3,,Clementine Toure,Dominique Thiamale,Noengruthai Sratongwian,Duangnapa Sritala,18987,"TD Place Stadium, Ottawa",Group stage,2015/06/11,Margaret Domka,,Canada,2015
193,Canada,New Zealand,0,,0,,John Herdman,Christine Sinclair,Tony Readings,Abby Erceg,35544,"Commonwealth Stadium, Edmonton",Group stage,2015/06/11,Bibiana Steinhaus,,Canada,2015
192,France,England,1,,0,,Philippe Bergeroo,Wendie Renard,Mark Sampson,Steph Houghton,11686,"Moncton Stadium, Moncton",Group stage,2015/06/09,Thalia Mitsi,,Canada,2015
191,Spain,Costa Rica,1,,1,,Ignacio Quereda,Veronica Boquete,Amelia Valverde,Shirley Cruz,10175,"Olympic Stadium, Montreal",Group stage,2015/06/09,Salome Di Iorio,,Canada,2015
190,Colombia,Mexico,1,,1,,Fabian Taborda,Natalia Gaitan,Leonardo Cuellar,Nayeli Rangel,11686,"Moncton Stadium, Moncton",Group stage,2015/06/09,Therese Neguel,,Canada,2015
189,Brazil,Korea Republic,2,,0,,Vadao,Marta,Yoon Deok-yeo,Cho So-hyun,10175,"Olympic Stadium, Montreal",Group stage,2015/06/09,Esther Staubli,,Canada,2015
188,Sweden,Nigeria,3,,3,,Pia Sundhage,Caroline Seger,Edwin Okon,Evelyn Nwabuoku,31148,"Investors Group Field, Winnipeg",Group stage,2015/06/08,Ri Hyang Ok,,Canada,2015
187,Cameroon,Ecuador,6,,0,,Enow Ngachu,Christine Manie,Vanessa Arauz,Ligia Moreira,25942,"BC Place, Vancouver",Group stage,2015/06/08,Katalin Kulcsar,,Canada,2015
186,United States,Australia,3,,1,,Jill Ellis,Abby Wambach,Alen Stajcic,Lisa De Vanna,31148,"Investors Group Field, Winnipeg",Group stage,2015/06/08,Claudia Umpierrez,,Canada,2015
185,Japan,Switzerland,1,,0,,Norio Sasaki,Aya Miyama,Martina Voss-Tecklenburg,Caroline Abbe,25942,"BC Place, Vancouver",Group stage,2015/06/08,Lucila Venegas,,Canada,2015
184,Norway,Thailand,4,,0,,Even Pellerud,Trine Ronning,Noengruthai Sratongwian,Duangnapa Sritala,20953,"TD Place Stadium, Ottawa",Group stage,2015/06/07,Anna-Marie Keighley,,Canada,2015
183,Germany,Cote d'Ivoire,10,,0,,Silva Neid,Nadine Angerer,Clementine Toure,Dominique Thiamale,20953,"TD Place Stadium, Ottawa",Group stage,2015/06/07,Carol-Anne Chenard,,Canada,2015
182,Canada,China PR,1,,0,,John Herdman,Christine Sinclair,Hao Wei,Wu Haiyan,53058,"Commonwealth Stadium, Edmonton",Group stage,2015/06/06,Kateryna Monzul,,Canada,2015
181,New Zealand,Netherlands,0,,1,,Tony Readings,Abby Erceg,Roger Reijners,Mandy van den Berg,53058,"Commonwealth Stadium, Edmonton",Group stage,2015/06/06,Quetzalli Alvarado,,Canada,2015
180,Japan,United States,2,3,2,1,,,,,48817,"Commerzbank-Arena, Frankfurt am Main",Final,2011/07/17,Bibiana Steinhaus,Japan won on penalty kicks following extra time,Germany,2011
179,Sweden,France,2,,1,,,,,,25515,"PreZero Arena, Sinsheim",Third-place match,2011/07/16,Kari Seitz,,Germany,2011
178,France,United States,1,,3,,,,,,25676,"Stadion im Borussia-Park, Monchengladbach",Semi-finals,2011/07/13,Kirsi Heikkinen,,Germany,2011
177,Japan,Sweden,3,,1,,,,,,45434,"Commerzbank-Arena, Frankfurt am Main",Semi-finals,2011/07/13,Carol-Anne Chenard,,Germany,2011
176,Sweden,Australia,3,,1,,,,,,24605,"WWK Arena, Augsburg",Quarter-finals,2011/07/10,Silvia Reyes,,Germany,2011
175,Brazil,United States,2,3,2,5,,,,,25598,"DDV-Stadion, Dresden",Quarter-finals,2011/07/10,Jacqui Melksham,USA won on penalty kicks following extra time,Germany,2011
174,England,France,1,3,1,4,,,,,26395,"BayArena, Leverkusen",Quarter-finals,2011/07/09,Jenny Palmqvist,France won on penalty kicks following extra time,Germany,2011
173,Germany,Japan,0,,1,,,,,,26067,"Volkswagen Arena, Wolfsburg",Quarter-finals,2011/07/09,Quetzalli Alvarado,Required Extra Time,Germany,2011
172,Australia,Norway,2,,1,,,,,,0,"BayArena, Leverkusen",Group stage,2011/07/06,Estela Alvarez,,Germany,2011
171,Equatorial Guinea,Brazil,0,,3,,,,,,0,"Commerzbank-Arena, Frankfurt am Main",Group stage,2011/07/06,Bibiana Steinhaus,,Germany,2011
170,Korea DPR,Colombia,0,,0,,,,,,0,"Vonovia Ruhrstadion, Bochum",Group stage,2011/07/06,Christina Pedersen,,Germany,2011
169,Sweden,United States,2,,1,,,,,,0,"Volkswagen Arena, Wolfsburg",Group stage,2011/07/06,Etsuko Fukano,,Germany,2011
168,England,Japan,2,,0,,,,,,0,"WWK Arena, Augsburg",Group stage,2011/07/05,Carol-Anne Chenard,,Germany,2011
167,New Zealand,Mexico,2,,2,,,,,,0,"PreZero Arena, Sinsheim",Group stage,2011/07/05,Jenny Palmqvist,,Germany,2011
166,France,Germany,2,,4,,,,,,0,"Stadion im Borussia-Park, Monchengladbach",Group stage,2011/07/05,Kirsi Heikkinen,,Germany,2011
165,Canada,Nigeria,0,,1,,,,,,0,"DDV-Stadion, Dresden",Group stage,2011/07/05,Finau Vulivuli,,Germany,2011
164,Australia,Equatorial Guinea,3,,2,,,,,,0,"Vonovia Ruhrstadion, Bochum",Group stage,2011/07/03,Gyongyi Gaal,,Germany,2011
163,Brazil,Norway,3,,0,,,,,,0,"Volkswagen Arena, Wolfsburg",Group stage,2011/07/03,Kari Seitz,,Germany,2011
162,Korea DPR,Sweden,0,,1,,,,,,0,"WWK Arena, Augsburg",Group stage,2011/07/02,Estela Alvarez,,Germany,2011
161,United States,Colombia,3,,0,,,,,,0,"PreZero Arena, Sinsheim",Group stage,2011/07/02,,,Germany,2011
160,Japan,Mexico,4,,0,,,,,,0,"BayArena, Leverkusen",Group stage,2011/07/01,Christina Pedersen,,Germany,2011
159,New Zealand,England,1,,2,,,,,,0,"DDV-Stadion, Dresden",Group stage,2011/07/01,Therese Neguel,,Germany,2011
158,Canada,France,0,,4,,,,,,0,"Vonovia Ruhrstadion, Bochum",Group stage,2011/06/30,Etsuko Fukano,,Germany,2011
157,Germany,Nigeria,1,,0,,,,,,0,"Commerzbank-Arena, Frankfurt am Main",Group stage,2011/06/30,Sung Mi Cha,,Germany,2011
156,Norway,Equatorial Guinea,1,,0,,,,,,0,"WWK Arena, Augsburg",Group stage,2011/06/29,Quetzalli Alvarado,,Germany,2011
155,Brazil,Australia,1,,0,,,,,,0,"Stadion im Borussia-Park, Monchengladbach",Group stage,2011/06/29,Jenny Palmqvist,,Germany,2011
154,Colombia,Sweden,0,,1,,,,,,0,"BayArena, Leverkusen",Group stage,2011/06/28,Carol-Anne Chenard,,Germany,2011
153,United States,Korea DPR,2,,0,,,,,,0,"DDV-Stadion, Dresden",Group stage,2011/06/28,Bibiana Steinhaus,,Germany,2011
152,Japan,New Zealand,2,,1,,,,,,0,"Vonovia Ruhrstadion, Bochum",Group stage,2011/06/27,Kirsi Heikkinen,,Germany,2011
151,Mexico,England,1,,1,,,,,,0,"Volkswagen Arena, Wolfsburg",Group stage,2011/06/27,Silvia Reyes,,Germany,2011
150,Nigeria,France,0,,1,,,,,,0,"PreZero Arena, Sinsheim",Group stage,2011/06/26,Kari Seitz,,Germany,2011
149,Germany,Canada,2,,1,,,,,,0,"Olympiastadion Berlin, Berlin",Group stage,2011/06/26,Jacqui Melksham,,Germany,2011
148,Norway,United States,1,,4,,,,,,32068,"Hongkou Stadium, Shanghai",Third-place match,2007/09/30,Gyongyi Gaal,,China PR,2007
147,Germany,Brazil,2,,0,,,,,,31000,"Hongkou Stadium, Shanghai",Final,2007/09/30,Tammy Ogston,,China PR,2007
146,United States,Brazil,0,,4,,,,,,47818,"Yellow Dragon Stadium, Hangzhou",Semi-finals,2007/09/27,Nicole Petignat,,China PR,2007
145,Germany,Norway,3,,0,,,,,,53819,"Tianjin Olympic Centre Stadium, Tianjin",Semi-finals,2007/09/26,,,China PR,2007
144,Norway,China PR,1,,0,,,,,,52000,"Wuhan Stadium, Wuhan",Quarter-finals,2007/09/23,Gyongyi Gaal,,China PR,2007
143,Brazil,Australia,3,,2,,,,,,35061,"Tianjin Olympic Centre Stadium, Tianjin",Quarter-finals,2007/09/23,Christine Baitinger,,China PR,2007
142,Germany,Korea DPR,3,,0,,,,,,37200,"Wuhan Stadium, Wuhan",Quarter-finals,2007/09/22,Tammy Ogston,,China PR,2007
141,United States,England,3,,0,,,,,,29586,"Tianjin Olympic Centre Stadium, Tianjin",Quarter-finals,2007/09/22,Jenny Palmqvist,,China PR,2007
140,Norway,Ghana,7,,2,,,,,,43817,"Yellow Dragon Stadium, Hangzhou",Group stage,2007/09/20,Jennifer Bennett,,China PR,2007
139,Australia,Canada,2,,2,,,,,,29300,"Chengdu Sports Center, Chengdu",Group stage,2007/09/20,Gyongyi Gaal,,China PR,2007
138,Brazil,Denmark,1,,0,,,,,,43817,"Yellow Dragon Stadium, Hangzhou",Group stage,2007/09/20,Kari Seitz,,China PR,2007
137,China PR,New Zealand,2,,0,,,,,,56208,"Tianjin Olympic Centre Stadium, Tianjin",Group stage,2007/09/20,,,China PR,2007
136,Korea DPR,Sweden,1,,2,,,,,,33196,"Tianjin Olympic Centre Stadium, Tianjin",Group stage,2007/09/18,Christine Baitinger,,China PR,2007
135,Nigeria,United States,0,,1,,,,,,26100,"Hongkou Stadium, Shanghai",Group stage,2007/09/18,Mayumi Oiwa,,China PR,2007
134,Japan,Germany,0,,2,,,,,,39817,"Yellow Dragon Stadium, Hangzhou",Group stage,2007/09/17,Adriana Correa,,China PR,2007
133,Argentina,England,1,,6,,,,,,30730,"Chengdu Sports Center, Chengdu",Group stage,2007/09/17,Dianne Ferreira-James,,China PR,2007
132,Canada,Ghana,4,,0,,,,,,33835,"Yellow Dragon Stadium, Hangzhou",Group stage,2007/09/15,Nicole Petignat,,China PR,2007
131,Denmark,New Zealand,2,,0,,,,,,54000,"Wuhan Stadium, Wuhan",Group stage,2007/09/15,Mayumi Oiwa,,China PR,2007
130,China PR,Brazil,0,,4,,,,,,54000,"Wuhan Stadium, Wuhan",Group stage,2007/09/15,Jennifer Bennett,,China PR,2007
129,Norway,Australia,1,,1,,,,,,33835,"Yellow Dragon Stadium, Hangzhou",Group stage,2007/09/15,Huijun Niu,,China PR,2007
128,United States,Sweden,2,,0,,,,,,35600,"Chengdu Sports Center, Chengdu",Group stage,2007/09/14,Gyongyi Gaal,,China PR,2007
127,Argentina,Japan,0,,1,,,,,,27730,"Hongkou Stadium, Shanghai",Group stage,2007/09/14,,,China PR,2007
126,Germany,England,0,,0,,,,,,27730,"Hongkou Stadium, Shanghai",Group stage,2007/09/14,Jenny Palmqvist,,China PR,2007
125,Korea DPR,Nigeria,2,,0,,,,,,35600,"Chengdu Sports Center, Chengdu",Group stage,2007/09/14,Tammy Ogston,,China PR,2007
124,Brazil,New Zealand,5,,0,,,,,,33500,"Wuhan Stadium, Wuhan",Group stage,2007/09/12,Pannipar Kamnueng,,China PR,2007
123,Australia,Ghana,4,,1,,,,,,25952,"Yellow Dragon Stadium, Hangzhou",Group stage,2007/09/12,Adriana Correa,,China PR,2007
122,Norway,Canada,2,,1,,,,,,30752,"Yellow Dragon Stadium, Hangzhou",Group stage,2007/09/12,Christine Baitinger,,China PR,2007
121,China PR,Denmark,3,,2,,,,,,50800,"Wuhan Stadium, Wuhan",Group stage,2007/09/12,Dianne Ferreira-James,,China PR,2007
120,United States,Korea DPR,2,,2,,,,,,35100,"Chengdu Sports Center, Chengdu",Group stage,2007/09/11,Nicole Petignat,,China PR,2007
119,England,Japan,2,,2,,,,,,27146,"Hongkou Stadium, Shanghai",Group stage,2007/09/11,Kari Seitz,,China PR,2007
118,Sweden,Nigeria,1,,1,,,,,,21740,"Chengdu Sports Center, Chengdu",Group stage,2007/09/11,Huijun Niu,,China PR,2007
117,Germany,Argentina,11,,0,,,,,,28098,"Hongkou Stadium, Shanghai",Group stage,2007/09/10,Tammy Ogston,,China PR,2007
116,Germany,Sweden,1,,1,,,,,,26137,"The Home Depot Center, Carson",Final,2003/10/12,Cristina Babadac,Required Extra Time,United States,2003
115,United States,Canada,3,,1,,,,,,25253,"The Home Depot Center, Carson",Third-place match,2003/10/11,Tammy Ogston,,United States,2003
114,Germany,United States,3,,0,,,,,,27623,"PGE Park, Portland",Semi-finals,2003/10/05,Sonia Denoncourt,,United States,2003
113,Canada,Sweden,1,,2,,,,,,27623,"PGE Park, Portland",Semi-finals,2003/10/05,Katriina Elovirta,,United States,2003
112,Germany,Russia,7,,0,,,,,,20021,"PGE Park, Portland",Quarter-finals,2003/10/02,Im Eun-ju,,United States,2003
111,China PR,Canada,0,,1,,,,,,20021,"PGE Park, Portland",Quarter-finals,2003/10/02,Kari Seitz,,United States,2003
110,Brazil,Sweden,1,,2,,,,,,25103,"Gillette Stadium, Foxborough",Quarter-finals,2003/10/01,Dongqing Zhang,,United States,2003
109,United States,Norway,1,,0,,,,,,25103,"Gillette Stadium, Foxborough",Quarter-finals,2003/10/01,Nicole Petignat,,United States,2003
108,Sweden,Nigeria,3,,0,,,,,,22828,"Columbus Crew Stadium, Columbus",Group stage,2003/09/28,Sonia Denoncourt,,United States,2003
107,Korea DPR,United States,0,,3,,,,,,22828,"Columbus Crew Stadium, Columbus",Group stage,2003/09/28,Sueli Tortura,,United States,2003
106,Ghana,Australia,2,,1,,,,,,19132,"PGE Park, Portland",Group stage,2003/09/28,Xonam Agboyi,,United States,2003
105,China PR,Russia,1,,0,,,,,,19132,"PGE Park, Portland",Group stage,2003/09/28,Florencia Romano,,United States,2003
104,France,Brazil,1,,1,,,,,,17618,"Robert F. Kennedy Memorial Stadium, Washington",Group stage,2003/09/27,Cristina Babadac,,United States,2003
103,Korea Republic,Norway,1,,7,,,,,,14356,"Gillette Stadium, Foxborough",Group stage,2003/09/27,Tammy Ogston,,United States,2003
102,Canada,Japan,3,,1,,,,,,14356,"Gillette Stadium, Foxborough",Group stage,2003/09/27,Im Eun-ju,,United States,2003
101,Argentina,Germany,1,,6,,,,,,17618,"Robert F. Kennedy Memorial Stadium, Washington",Group stage,2003/09/27,Bola Abidoye,,United States,2003
100,Ghana,Russia,0,,3,,,,,,13929,"The Home Depot Center, Carson",Group stage,2003/09/25,Kari Seitz,,United States,2003
99,Sweden,Korea DPR,1,,0,,,,,,31553,"Lincoln Financial Field, Philadelphia",Group stage,2003/09/25,Tammy Ogston,,United States,2003
98,United States,Nigeria,5,,0,,,,,,31553,"Lincoln Financial Field, Philadelphia",Group stage,2003/09/25,Florencia Romano,,United States,2003
97,China PR,Australia,1,,1,,,,,,13929,"The Home Depot Center, Carson",Group stage,2003/09/25,Katriina Elovirta,,United States,2003
96,Norway,Brazil,1,,4,,,,,,15490,"Robert F. Kennedy Memorial Stadium, Washington",Group stage,2003/09/24,Xonam Agboyi,,United States,2003
95,Germany,Japan,3,,0,,,,,,15490,"Columbus Crew Stadium, Columbus",Group stage,2003/09/24,Sueli Tortura,,United States,2003
94,France,Korea Republic,1,,0,,,,,,16316,"Robert F. Kennedy Memorial Stadium, Washington",Group stage,2003/09/24,Dongqing Zhang,,United States,2003
93,Canada,Argentina,3,,0,,,,,,15529,"Columbus Crew Stadium, Columbus",Group stage,2003/09/24,Nicole Petignat,,United States,2003
92,United States,Sweden,3,,1,,,,,,35000,"Robert F. Kennedy Memorial Stadium, Washington",Group stage,2003/09/21,Dongqing Zhang,,United States,2003
91,Brazil,Korea Republic,3,,0,,,,,,34144,"Robert F. Kennedy Memorial Stadium, Washington",Group stage,2003/09/21,Tammy Ogston,,United States,2003
90,Australia,Russia,1,,2,,,,,,8500,"The Home Depot Center, Carson",Group stage,2003/09/21,Bola Abidoye,,United States,2003
89,China PR,Ghana,1,,0,,,,,,10027,"The Home Depot Center, Carson",Group stage,2003/09/21,Sonia Denoncourt,,United States,2003
88,Norway,France,2,,0,,,,,,13486,"Lincoln Financial Field, Philadelphia",Group stage,2003/09/20,Kari Seitz,,United States,2003
87,Nigeria,Korea DPR,0,,3,,,,,,24347,"Lincoln Financial Field, Philadelphia",Group stage,2003/09/20,Nicole Petignat,,United States,2003
86,Germany,Canada,4,,1,,,,,,16340,"Columbus Crew Stadium, Columbus",Group stage,2003/09/20,Im Eun-ju,,United States,2003
85,Japan,Argentina,6,,0,,,,,,16404,"Columbus Crew Stadium, Columbus",Group stage,2003/09/20,Katriina Elovirta,,United States,2003
84,Norway,Brazil,0,4,0,5,,,,,90185,"Rose Bowl, Pasadena",Third-place match,1999/07/10,Im Eun-ju,Brazil won on penalty kicks following sudden-death extra time,United States,1999
83,United States,China PR,0,5,0,4,,,,,90185,"Rose Bowl, Pasadena",Final,1999/07/10,Nicole Petignat,USA won on penalty kicks following sudden-death extra time,United States,1999
82,United States,Brazil,2,,0,,,,,,73123,"Stanford Stadium, Stanford",Semi-finals,1999/07/04,Katriina Elovirta,,United States,1999
81,Norway,China PR,0,,4,,,,,,28986,"Foxboro Stadium, Foxborough",Semi-finals,1999/07/04,Sonia Denoncourt,,United States,1999
80,United States,Germany,3,,2,,,,,,54642,"Jack Kent Cooke Stadium, Landover",Quarter-finals,1999/07/01,Martha Toro,,United States,1999
79,Brazil,Nigeria,4,,3,,,,,,54642,"Jack Kent Cooke Stadium, Landover",Quarter-finals,1999/07/01,Virginia Tovar,Required Extra Time,United States,1999
78,China PR,Russia,2,,0,,,,,,21411,"Spartan Stadium, San Jose",Quarter-finals,1999/06/30,Nicole Petignat,,United States,1999
77,Norway,Sweden,3,,1,,,,,,21411,"Spartan Stadium, San Jose",Quarter-finals,1999/06/30,Im Eun-ju,,United States,1999
76,Germany,Brazil,3,,3,,,,,,22109,"Jack Kent Cooke Stadium, Landover",Group stage,1999/06/27,Im Eun-ju,,United States,1999
75,Nigeria,Denmark,2,,0,,,,,,22109,"Jack Kent Cooke Stadium, Landover",Group stage,1999/06/27,Maria Siqueira,,United States,1999
74,Mexico,Italy,0,,2,,,,,,50484,"Foxboro Stadium, Foxborough",Group stage,1999/06/27,Bola Abidoye,,United States,1999
73,United States,Korea DPR,3,,0,,,,,,50484,"Foxboro Stadium, Foxborough",Group stage,1999/06/27,Katriina Elovirta,,United States,1999
72,Canada,Russia,1,,4,,,,,,29401,"Giants Stadium, East Rutherford",Group stage,1999/06/26,Xiudi Zuo,,United States,1999
71,China PR,Australia,3,,1,,,,,,29401,"Giants Stadium, East Rutherford",Group stage,1999/06/26,Sandra Hunt,,United States,1999
70,Ghana,Sweden,0,,2,,,,,,34256,"Soldier Field, Chicago",Group stage,1999/06/26,Sonia Denoncourt,,United States,1999
69,Norway,Japan,4,,0,,,,,,34256,"Soldier Field, Chicago",Group stage,1999/06/26,Marisela Contreras,,United States,1999
68,Brazil,Italy,2,,0,,,,,,65080,"Soldier Field, Chicago",Group stage,1999/06/24,Gitte Nielsen,,United States,1999
67,Korea DPR,Denmark,3,,1,,,,,,20129,"Civic Stadium, Portland",Group stage,1999/06/24,Martha Toro,,United States,1999
66,United States,Nigeria,7,,1,,,,,,65080,"Soldier Field, Chicago",Group stage,1999/06/24,Nicole Petignat,,United States,1999
65,Germany,Mexico,6,,0,,,,,,20129,"Civic Stadium, Portland",Group stage,1999/06/24,Im Eun-ju,,United States,1999
64,Norway,Canada,7,,1,,,,,,16448,"Jack Kent Cooke Stadium, Landover",Group stage,1999/06/23,Tammy Ogston,,United States,1999
63,Japan,Russia,0,,5,,,,,,17668,"Civic Stadium, Portland",Group stage,1999/06/23,Sandra Hunt,,United States,1999
62,China PR,Ghana,7,,0,,,,,,17668,"Civic Stadium, Portland",Group stage,1999/06/23,Elke Guenthner,,United States,1999
61,Australia,Sweden,1,,3,,,,,,16448,"Jack Kent Cooke Stadium, Landover",Group stage,1999/06/23,Fatou Gaye,,United States,1999
60,Italy,Germany,1,,1,,,,,,17100,"Rose Bowl, Pasadena",Group stage,1999/06/20,Bola Abidoye,,United States,1999
59,Russia,Norway,1,,2,,,,,,14873,"Foxboro Stadium, Foxborough",Group stage,1999/06/20,Xiudi Zuo,,United States,1999
58,Australia,Ghana,1,,1,,,,,,14867,"Foxboro Stadium, Foxborough",Group stage,1999/06/20,Kari Seitz,,United States,1999
57,Korea DPR,Nigeria,1,,2,,,,,,17100,"Rose Bowl, Pasadena",Group stage,1999/06/20,Katriina Elovirta,,United States,1999
56,Denmark,United States,0,,3,,,,,,78972,"Giants Stadium, East Rutherford",Group stage,1999/06/19,Sonia Denoncourt,,United States,1999
55,Brazil,Mexico,7,,1,,,,,,78972,"Giants Stadium, East Rutherford",Group stage,1999/06/19,Nicole Petignat,,United States,1999
54,Sweden,China PR,1,,2,,,,,,23298,"Spartan Stadium, San Jose",Group stage,1999/06/19,Virginia Tovar,,United States,1999
53,Japan,Canada,1,,1,,,,,,23298,"Spartan Stadium, San Jose",Group stage,1999/06/19,Maria Siqueira,,United States,1999
52,Germany,Norway,0,,2,,,,,,17158,"Rasunda Stadium, Solna",Final,1995/06/18,Ingrid Jonsson,,Sweden,1995
51,China PR,United States,0,,2,,,,,,4335,"Stromvallen, Gavle",Third-place match,1995/06/17,Sonia Denoncourt,,Sweden,1995
50,United States,Norway,0,,1,,,,,,2893,"Arosvallen, Vasteras",Semi-finals,1995/06/15,Alain Hamer,,Sweden,1995
49,Germany,China PR,1,,0,,,,,,3693,"Olympia Stadion, Helsingborg",Semi-finals,1995/06/15,Petros Mathabela,,Sweden,1995
48,United States,Japan,4,,0,,,,,,3756,"Stromvallen, Gavle",Quarter-finals,1995/06/13,Eduardo Gamboa Martinez,,Sweden,1995
47,Norway,Denmark,3,,1,,,,,,4655,"Tingvallen, Karlstad",Quarter-finals,1995/06/13,Pirom Anprasert,,Sweden,1995
46,Germany,England,3,,0,,,,,,2317,"Arosvallen, Vasteras",Quarter-finals,1995/06/13,Bente Skogvang,,Sweden,1995
45,Sweden,China PR,1,3,1,4,,,,,7537,"Olympia Stadion, Helsingborg",Quarter-finals,1995/06/13,Sonia Denoncourt,China PR won on penalty kicks following extra time,Sweden,1995
44,Norway,Canada,7,,0,,,,,,2715,"Stromvallen, Gavle",Group stage,1995/06/10,Maria Siqueira,,Sweden,1995
43,Nigeria,England,2,,3,,,,,,1843,"Tingvallen, Karlstad",Group stage,1995/06/10,Ingrid Jonsson,,Sweden,1995
42,China PR,Denmark,3,,1,,,,,,1619,"Arosvallen, Vasteras",Group stage,1995/06/10,Eduardo Gamboa Martinez,,Sweden,1995
41,United States,Australia,4,,1,,,,,,1150,"Olympia Stadion, Helsingborg",Group stage,1995/06/10,Pirom Anprasert,,Sweden,1995
40,Sweden,Japan,2,,0,,,,,,7811,"Arosvallen, Vasteras",Group stage,1995/06/09,Petros Mathabela,,Sweden,1995
39,Brazil,Germany,1,,6,,,,,,3203,"Tingvallen, Karlstad",Group stage,1995/06/09,Alain Hamer,,Sweden,1995
38,United States,Denmark,2,,0,,,,,,2740,"Stromvallen, Gavle",Group stage,1995/06/08,Mamadouba Engage Camara,,Sweden,1995
37,Norway,England,2,,0,,,,,,5520,"Tingvallen, Karlstad",Group stage,1995/06/08,Eduardo Gamboa Martinez,,Sweden,1995
36,China PR,Australia,4,,2,,,,,,1500,"Arosvallen, Vasteras",Group stage,1995/06/08,Maria Siqueira,,Sweden,1995
35,Nigeria,Canada,3,,3,,,,,,250,"Olympia Stadion, Helsingborg",Group stage,1995/06/08,Pirom Anprasert,,Sweden,1995
34,Sweden,Germany,3,,2,,,,,,5855,"Olympia Stadion, Helsingborg",Group stage,1995/06/07,Linda May Black,,Sweden,1995
33,Brazil,Japan,1,,2,,,,,,2286,"Tingvallen, Karlstad",Group stage,1995/06/07,Catherine Leann Hepburn,,Sweden,1995
32,United States,China PR,3,,3,,,,,,4635,"Stromvallen, Gavle",Group stage,1995/06/06,Ingrid Jonsson,,Sweden,1995
31,England,Canada,3,,2,,,,,,655,"Olympia Stadion, Helsingborg",Group stage,1995/06/06,Eva Oedlund,,Sweden,1995
30,Norway,Nigeria,8,,0,,,,,,4344,"Tingvallen, Karlstad",Group stage,1995/06/06,Alain Hamer,,Sweden,1995
29,Denmark,Australia,5,,0,,,,,,1500,"Arosvallen, Vasteras",Group stage,1995/06/06,Bente Skogvang,,Sweden,1995
28,Sweden,Brazil,0,,1,,,,,,14500,"Olympia Stadion, Helsingborg",Group stage,1995/06/05,Sonia Denoncourt,,Sweden,1995
27,Germany,Japan,1,,0,,,,,,3824,"Tingvallen, Karlstad",Group stage,1995/06/05,Petros Mathabela,,Sweden,1995
26,United States,Norway,2,,1,,,,,,63000,"Tianhe Stadium, Guangzhou",Final,1991/11/30,Vadim Zhuk,,China PR,1991
25,Sweden,Germany,4,,0,,,,,,20000,"Guangdong Provincial Stadium, Guangzhou",Third-place match,1991/11/29,Claudia Vasconcelos,,China PR,1991
24,Sweden,Norway,1,,4,,,,,,16000,"Ying Dong Stadium, Panyu",Semi-finals,1991/11/27,Jim McCluskey,,China PR,1991
23,United States,Germany,5,,2,,,,,,20000,"Guangdong Provincial Stadium, Guangzhou",Semi-finals,1991/11/27,Salvador Imperatore Marcone,,China PR,1991
22,Germany,Denmark,2,,1,,,,,,12000,"Zhongshan Stadium, Zhongshan",Quarter-finals,1991/11/24,Vassilios Nikakis,Required Extra Time,China PR,1991
21,United States,Chinese Taipei,7,,0,,,,,,12000,"New Plaza Stadium, Foshan",Quarter-finals,1991/11/24,Omer Yengo,,China PR,1991
20,Norway,Italy,3,,2,,,,,,13000,"Jiangmen Stadium, Jiangmen",Quarter-finals,1991/11/24,Rafael Rodriguez,Required Extra Time,China PR,1991
19,China PR,Sweden,0,,1,,,,,,55000,"Tianhe Stadium, Guangzhou",Quarter-finals,1991/11/24,John Toro Rendon,,China PR,1991
18,Japan,United States,0,,3,,,,,,14000,"New Plaza Stadium, Foshan",Group stage,1991/11/21,John Toro Rendon,,China PR,1991
17,Brazil,Sweden,0,,2,,,,,,12000,"Ying Dong Stadium, Panyu",Group stage,1991/11/21,Lu Jun,,China PR,1991
16,China PR,New Zealand,4,,1,,,,,,14000,"New Plaza Stadium, Foshan",Group stage,1991/11/21,Gyanu Shrestha,,China PR,1991
15,Chinese Taipei,Nigeria,2,,0,,,,,,14000,"Jiangmen Stadium, Jiangmen",Group stage,1991/11/21,Rafael Rodriguez,,China PR,1991
14,Norway,Denmark,2,,1,,,,,,15500,"Ying Dong Stadium, Panyu",Group stage,1991/11/21,Vadim Zhuk,,China PR,1991
13,Italy,Germany,0,,2,,,,,,12000,"Zhongshan Stadium, Zhongshan",Group stage,1991/11/21,Jim McCluskey,,China PR,1991
12,Norway,New Zealand,4,,0,,,,,,12000,"Guangdong Provincial Stadium, Guangzhou",Group stage,1991/11/19,Salvador Imperatore Marcone,,China PR,1991
11,Italy,Nigeria,1,,0,,,,,,12000,"Zhongshan Stadium, Zhongshan",Group stage,1991/11/19,Jim McCluskey,,China PR,1991
10,Chinese Taipei,Germany,0,,3,,,,,,10000,"Zhongshan Stadium, Zhongshan",Group stage,1991/11/19,Fathi Boucetta,,China PR,1991
9,Brazil,United States,0,,5,,,,,,15500,"Ying Dong Stadium, Panyu",Group stage,1991/11/19,Vadim Zhuk,,China PR,1991
8,Japan,Sweden,0,,8,,,,,,14000,"New Plaza Stadium, Foshan",Group stage,1991/11/19,Gyanu Shrestha,,China PR,1991
7,China PR,Denmark,2,,2,,,,,,27000,"Guangdong Provincial Stadium, Guangzhou",Group stage,1991/11/19,Vassilios Nikakis,,China PR,1991
6,Germany,Nigeria,4,,0,,,,,,14000,"Jiangmen Stadium, Jiangmen",Group stage,1991/11/17,Rafael Rodriguez,,China PR,1991
5,Japan,Brazil,0,,1,,,,,,14000,"New Plaza Stadium, Foshan",Group stage,1991/11/17,Lu Jun,,China PR,1991
4,Chinese Taipei,Italy,0,,5,,,,,,11000,"Jiangmen Stadium, Jiangmen",Group stage,1991/11/17,Fathi Boucetta,,China PR,1991
3,Sweden,United States,2,,3,,,,,,14000,"Ying Dong Stadium, Panyu",Group stage,1991/11/17,John Toro Rendon,,China PR,1991
2,Denmark,New Zealand,3,,0,,,,,,14000,"Tianhe Stadium, Guangzhou",Group stage,1991/11/17,Omer Yengo,,China PR,1991
1,China PR,Norway,4,,0,,,,,,65000,"Tianhe Stadium, Guangzhou",Group stage,1991/11/16,Salvador Imperatore Marcone,,China PR,1991
